,Submission id,condition,Age,Sex,education,job,start_time,end_time,Time taken,identification_with_goal,current_pursuit_of_target,readiness_to_change_start,readiness_to_change_end,general_remarks,attention_check_passed,Therapeutic Alliance,Perception of MI,User Engagement - Focused Attention,User Engagement - Perceived Usability,User Engagement - Reward,User Engagement - Overall,Communication Competence,Perceived Empathy,Readiness to Change (Delta),Stage of Change (Start),chat_id
0,64d23c118b9d14b04645b779,framework,57,Male,Master-Abschluss,Musiker,2023-08-08 14:59:49.246355,2023-08-08 15:24:33.913124,25.7,8.0,8.0,7.0,7.0,,0,3.0833333333333335,39.0,4.333333333333333,4.333333333333333,4.666666666666667,4.444444444444445,5.0,4.333333333333333,0.0,preparation,62
1,64d252f78e65feea3deec857,framework,28,Female,Master-Abschluss,Computerlinguistik,2023-08-08 16:37:15.342634,2023-08-08 17:02:59.270676,26.5,10.0,10.0,9.0,10.0,,0,2.25,48.0,2.3333333333333335,4.333333333333333,4.333333333333333,3.6666666666666665,5.0,4.333333333333333,1.0,action,66
2,64d0fe9256704afa0ffb99b9,framework,34,Male,Abitur,Berufstätig,2023-08-07 16:25:00.744608,2023-08-07 16:41:43.949226,17.233333333333334,10.0,9.0,8.0,10.0,,0,3.0833333333333335,37.0,2.6666666666666665,4.333333333333333,4.0,3.6666666666666665,4.5,2.6666666666666665,2.0,preparation,13
3,64d36fedffb7901c74b18f75,no_system,30,Male,Bachelor-Abschluss,arbeitssuchend,2023-08-09 12:52:59.707858,2023-08-09 13:04:05.192081,11.566666666666666,10.0,9.0,7.0,9.0,nein,0,3.6666666666666665,31.0,3.0,5.0,4.666666666666667,4.222222222222222,4.5,4.0,2.0,preparation,106
4,64d370310153ff2a4844e7a8,framework,26,Male,Bachelor-Abschluss,Student Informatik M.Sc.,2023-08-09 12:54:12.839555,2023-08-09 13:13:46.172634,20.166666666666668,6.0,5.0,8.0,6.0,,0,1.5833333333333333,27.0,2.3333333333333335,4.666666666666667,3.0,3.3333333333333335,3.75,2.0,-2.0,preparation,107
5,64d5e29d4f267cd837ed8c46,no_system,44,Male,Bachelor-Abschluss,"Angestellter, Luftfrachtdokumentarist",2023-08-11 09:27:16.853184,2023-08-11 10:06:00.440405,39.68333333333333,7.0,7.0,6.0,7.0,,0,2.8333333333333335,28.0,2.3333333333333335,4.333333333333333,3.0,3.2222222222222223,4.0,3.3333333333333335,1.0,contemplation,152
6,64dc992a8728d05e89c86d12,framework,28,Male,Abitur,selbstständig,2023-08-14 15:22:59.472128,2023-08-16 12:04:35.726276,25.216666666666665,9.0,9.0,9.0,9.0,,0,2.9166666666666665,37.0,2.6666666666666665,4.333333333333333,3.6666666666666665,3.5555555555555554,4.0,3.6666666666666665,0.0,action,159
7,64dc992a8728d05e89c86d12,framework,28,Male,Abitur,selbstständig,2023-08-14 15:22:59.472128,2023-08-16 12:04:35.726276,25.216666666666665,9.0,9.0,9.0,9.0,,0,2.9166666666666665,37.0,2.6666666666666665,4.333333333333333,3.6666666666666665,3.5555555555555554,4.0,3.6666666666666665,0.0,action,174
8,64da2757c44ff417ef2fab96,framework,28,Male,Abitur,selbstständig,2023-08-14 15:22:59.472128,2023-08-16 12:04:35.726276,39.68333333333333,9.0,9.0,9.0,9.0,,0,2.9166666666666665,37.0,2.6666666666666665,4.333333333333333,3.6666666666666665,3.5555555555555554,4.0,3.6666666666666665,0.0,action,159
9,64da2757c44ff417ef2fab96,framework,28,Male,Abitur,selbstständig,2023-08-14 15:22:59.472128,2023-08-16 12:04:35.726276,39.68333333333333,9.0,9.0,9.0,9.0,,0,2.9166666666666665,37.0,2.6666666666666665,4.333333333333333,3.6666666666666665,3.5555555555555554,4.0,3.6666666666666665,0.0,action,174
10,64d33b7655221e26b9c2b15e,no_system,33,Male,Abitur,Informatiker,2023-08-09 09:09:08.108599,2023-08-09 09:22:51.410589,14.133333333333333,7.0,5.0,2.0,6.0,Ich hoffe alles zu Ihrer Zufriedenheit beantwortet zu haben,0,3.0,34.0,1.6666666666666667,5.0,4.0,3.5555555555555554,5.0,2.6666666666666665,4.0,precontemplation,80
11,64d4986962e3d9ceac408e08,no_system,30,Male,Bachelor-Abschluss,Personalberater ,2023-08-10 10:01:11.045583,2023-08-10 10:31:25.904833,31.4,7.0,7.0,5.0,7.0,Nein,0,4.166666666666667,39.0,4.0,4.333333333333333,5.0,4.444444444444445,4.75,4.666666666666667,2.0,contemplation,124
12,64da26e9ed2f9b7eb0990620,no_system,34,Male,Bachelor-Abschluss,Qualitätsmanager in der Altenpflege in Vollzeit,2023-08-14 15:07:15.462176,2023-08-14 15:21:02.189837,14.216666666666667,0.0,8.0,7.0,7.0,nein danke,0,2.5833333333333335,31.0,2.3333333333333335,5.0,4.0,3.7777777777777777,4.25,3.6666666666666665,0.0,preparation,158
13,64d0f4445d3b281a56b5c587,no_system,53,Male,abgeschlossene Berufsausbildung,Crowdworker,2023-08-07 15:43:49.654153,2023-08-07 16:02:48.074684,19.7,7.0,4.0,6.0,9.0,nein,0,1.6666666666666667,26.0,1.6666666666666667,4.0,2.6666666666666665,2.7777777777777777,3.75,2.3333333333333335,3.0,contemplation,2
14,64d25494fe126612fabaff1b,no_system,32,Male,mittlere Reife,Mediengestalter,2023-08-08 16:45:27.915187,2023-08-08 17:06:44.815532,22.5,0.0,9.0,1.0,1.0,,0,3.75,41.0,4.0,5.0,5.0,4.666666666666667,5.0,4.666666666666667,0.0,precontemplation,67
15,64d342b6101a431a026efb92,framework,29,Female,Abitur,Erwerbstätig Angestellte,2023-08-09 09:40:00.659577,2023-08-09 10:17:58.049157,38.43333333333333,10.0,9.0,10.0,10.0,-,0,4.0,43.0,3.6666666666666665,3.6666666666666665,4.333333333333333,3.888888888888889,4.5,4.666666666666667,0.0,maintenance,86
16,64d0f7a71a75a315e5560c45,framework,51,Female,Abitur,Alltagsbegleiterin,2023-08-07 15:55:55.527633,2023-08-07 16:14:21.917132,19.666666666666668,10.0,5.0,6.0,7.0,,0,2.0,27.0,3.6666666666666665,5.0,3.0,3.888888888888889,3.5,4.0,1.0,contemplation,7
17,64d4bfc24231c1b762a8880c,no_system,35,Male,Bachelor-Abschluss,Testkäufer,2023-08-10 12:45:51.618428,2023-08-10 13:03:11.503103,17.85,8.0,2.0,5.0,8.0,,0,3.25,30.0,2.6666666666666665,4.0,4.0,3.5555555555555554,4.0,4.0,3.0,contemplation,136
18,64d490e92d176f3efe256ebc,framework,26,Male,abgeschlossene Berufsausbildung,Informatikerin,2023-08-10 09:26:06.877079,2023-08-10 09:39:32.1021,13.95,6.0,2.0,2.0,1.0,,0,2.0,41.0,1.3333333333333333,2.6666666666666665,2.3333333333333335,2.111111111111111,3.5,4.0,-1.0,precontemplation,116
19,64d2133844562967e33569ab,framework,48,Male,Master-Abschluss,veranstaltungsmanager,2023-08-08 12:05:16.266405,2023-08-08 12:23:53.185903,19.616666666666667,8.0,8.0,6.0,8.0,,0,3.25,36.0,4.0,5.0,4.333333333333333,4.444444444444445,4.5,3.6666666666666665,2.0,contemplation,38
20,64dcb28b890d247039b42512,no_system,32,Male,Bachelor-Abschluss,Student,2023-08-16 13:30:39.984976,2023-08-16 13:57:05.954296,30.116666666666667,8.0,8.0,8.0,9.0,,0,3.5833333333333335,40.0,4.0,4.666666666666667,4.0,4.222222222222222,4.0,4.0,1.0,preparation,179
21,64d3350ab09727a9eca1450b,framework,31,Male,Master-Abschluss,,2023-08-09 08:44:43.830213,2023-08-09 09:11:28.829161,30.283333333333335,4.0,3.0,7.0,7.0,,1,1.75,33.0,2.3333333333333335,2.3333333333333335,3.0,2.5555555555555554,2.0,2.0,0.0,preparation,76
22,64d3350ab09727a9eca1450b,framework,31,Male,Master-Abschluss,,2023-08-09 08:44:43.830213,2023-08-09 09:11:28.829161,30.283333333333335,4.0,3.0,7.0,7.0,,1,1.75,33.0,2.3333333333333335,2.3333333333333335,3.0,2.5555555555555554,2.0,2.0,0.0,preparation,77
23,64d3350ab09727a9eca1450b,framework,31,Male,Master-Abschluss,,2023-08-09 08:44:43.830213,2023-08-09 09:11:28.829161,30.283333333333335,4.0,3.0,7.0,7.0,,1,1.75,33.0,2.3333333333333335,2.3333333333333335,3.0,2.5555555555555554,2.0,2.0,0.0,preparation,78
24,64d1024689d448e7e4edeb7d,no_system,38,Female,Bachelor-Abschluss,Freiberuflerin,2023-08-07 16:42:04.158068,2023-08-07 17:00:30.136278,20.516666666666666,10.0,8.0,7.0,8.0,,0,2.0,23.0,1.6666666666666667,4.0,2.6666666666666665,2.7777777777777777,3.5,2.0,1.0,preparation,16
25,64dcae9197ca525eb8c86d01,framework,25,Male,abgeschlossene Berufsausbildung,IT-Systemadministrator,2023-08-16 13:10:31.188799,2023-08-16 13:21:04.65709,10.983333333333333,7.0,3.0,5.0,5.0,,0,1.25,25.0,1.3333333333333333,2.3333333333333335,2.0,1.8888888888888888,3.0,1.6666666666666667,0.0,contemplation,177
26,64d1015869ca56bfc1e0d6ba,framework,30,Female,Master-Abschluss,Doktorand,2023-08-07 16:39:19.611781,2023-08-07 17:00:38.331821,22.433333333333334,8.0,7.0,7.0,8.0,,0,1.4166666666666667,29.0,2.3333333333333335,2.0,3.3333333333333335,2.5555555555555554,2.75,1.0,1.0,preparation,15
27,64dcc24d2cd2a7dc72c86d39,framework,30,Male,Bachelor-Abschluss,Dualer Student Master,2023-08-16 14:36:01.700184,2023-08-16 14:49:41.982373,14.133333333333333,8.0,8.0,7.0,8.0,,0,2.75,29.0,2.6666666666666665,4.0,3.3333333333333335,3.3333333333333335,4.0,3.0,1.0,preparation,183
28,64d370e6020be86b1c6e6cfa,no_system,35,Male,Bachelor-Abschluss,Programmierer,2023-08-09 13:00:03.155015,2023-08-09 13:25:00.399473,28.7,10.0,10.0,5.0,6.0,Keine,0,1.1666666666666667,31.0,4.666666666666667,4.666666666666667,3.3333333333333335,4.222222222222222,2.75,1.0,1.0,contemplation,108
29,64d2267ac022ff5cac588642,framework,26,Male,abgeschlossene Berufsausbildung,Fachinformatiker für Systemintegration,2023-08-08 13:34:32.281635,2023-08-08 13:56:44.539561,23.566666666666666,9.0,7.0,7.0,7.0,,0,1.8333333333333333,32.0,3.0,4.666666666666667,3.6666666666666665,3.7777777777777777,3.5,1.0,0.0,preparation,53
30,64d10c80d5dc77b59135bab5,no_system,30,Female,Master-Abschluss,Angestellte,2023-08-07 17:31:56.457819,2023-08-07 17:54:18.212172,29.5,7.0,6.0,4.0,5.0,,0,1.5,29.0,1.0,1.0,2.3333333333333335,1.4444444444444444,2.75,1.0,1.0,contemplation,22
31,64da2f603040fe32e533c952,framework,29,Male,abgeschlossene Berufsausbildung,Softwareentwickler,2023-08-14 15:43:16.661234,2023-08-14 15:59:20.516072,16.466666666666665,7.0,3.0,5.0,5.0,,1,1.6666666666666667,25.0,1.0,5.0,1.3333333333333333,2.4444444444444446,5.0,2.3333333333333335,0.0,contemplation,161
32,64d0fcab9f04a54a8b373a07,framework,51,Female,Master-Abschluss,Sozialarbeiterin in Teilzeit,2023-08-07 16:16:53.701255,2023-08-07 16:44:25.377159,28.25,9.0,8.0,7.0,8.0,,0,3.75,37.0,4.333333333333333,5.0,5.0,4.777777777777778,4.25,3.6666666666666665,1.0,preparation,9
33,64d5d7dc38ef16aee1e7194f,framework,34,Male,Bachelor-Abschluss,IT Engineer,2023-08-11 09:19:45.303293,2023-08-11 09:45:03.357169,59.983333333333334,10.0,8.0,8.0,8.0,,0,1.8333333333333333,23.0,4.0,2.0,2.3333333333333335,2.7777777777777777,3.25,4.0,0.0,preparation,150
34,64d234ceea80170192eec81b,framework,25,Female,Abitur,Student:in,2023-08-08 14:29:15.525365,2023-08-08 14:49:22.273122,21.55,10.0,6.0,6.0,8.0,,0,1.1666666666666667,25.0,3.6666666666666665,4.0,2.3333333333333335,3.3333333333333335,3.25,1.0,2.0,contemplation,58
35,64d4905a74ab6f068d01d579,no_system,34,Male,Abitur,Rentner,2023-08-10 09:24:06.663541,2023-08-10 11:07:37.530017,104.68333333333334,10.0,0.0,0.0,0.0,Ich hatte während der Umfrage eine längere Pause aufgrund eines Anrufs.,0,2.0,33.0,2.0,3.6666666666666665,3.3333333333333335,3.0,3.0,2.3333333333333335,0.0,precontemplation,117
36,64dcafe0c540a0eb551250ca,no_system,34,Male,Bachelor-Abschluss,Angestellter,2023-08-16 13:16:06.085503,2023-08-16 13:29:57.112322,14.383333333333333,8.0,7.0,5.0,7.0,,0,2.9166666666666665,35.0,3.3333333333333335,3.6666666666666665,2.3333333333333335,3.111111111111111,4.0,4.0,2.0,contemplation,178
37,64d36ad5a921359fffec0e7a,framework,23,Female,Abitur,Student,2023-08-09 12:31:37.422491,2023-08-09 12:44:02.340191,13.266666666666667,6.0,4.0,5.0,6.0,Nein,0,3.0,39.0,3.0,5.0,4.0,4.0,4.0,2.0,1.0,contemplation,104
38,64d33ca41f883c5ae2ee7f2e,framework,31,Male,Master-Abschluss,Arbeiten im Finanzbereich,2023-08-09 09:14:06.403444,2023-08-09 09:36:39.265032,23.133333333333333,9.0,4.0,7.0,6.0,-,0,1.9166666666666667,31.0,2.0,3.3333333333333335,2.3333333333333335,2.5555555555555554,2.5,1.6666666666666667,-1.0,preparation,81
39,64d10cd08c24e1ae7749e824,framework,52,Male,Abitur,Werkstattleiter,2023-08-07 17:30:34.588981,2023-08-07 17:52:56.200197,28.1,10.0,3.0,4.0,4.0,,0,1.9166666666666667,29.0,1.0,2.3333333333333335,2.0,1.7777777777777777,2.5,1.0,0.0,contemplation,24
40,64d3514db24a42f81f3adcbc,no_system,29,Female,Abitur,"Angestellt, Psychosoziale Betreuung",2023-08-09 10:43:03.624322,2023-08-09 11:04:50.265816,23.066666666666666,9.0,2.0,6.0,5.0,"teilweise wurden meine Antworten nicht uafgezeichnet und an den Chatbot weitergeleitet, dann musste ich mehrfach neu formulieren bis etwas ankam",0,1.6666666666666667,24.0,2.6666666666666665,1.6666666666666667,1.3333333333333333,1.8888888888888888,2.25,3.0,-1.0,contemplation,93
41,64d0f5b705ae5f9e613aaf8d,no_system,29,Male,Abitur,arbeitssuchend,2023-08-07 15:50:11.350869,2023-08-07 16:10:45.088893,21.516666666666666,10.0,7.0,5.0,6.0,Nein,0,3.0,23.0,3.6666666666666665,5.0,4.0,4.222222222222222,4.75,3.0,1.0,contemplation,5
42,64da3b026b4640f05b0d3eb7,framework,25,Female,Bachelor-Abschluss,Studentin,2023-08-14 16:33:08.269829,2023-08-14 16:45:40.037591,13.366666666666667,6.0,7.0,6.0,5.0,,0,3.0,27.0,2.3333333333333335,2.6666666666666665,2.0,2.3333333333333335,2.75,2.6666666666666665,-1.0,contemplation,167
43,64d10dd5fbda3c7f9e45294e,no_system,43,Male,Bachelor-Abschluss,It systems engineer,2023-08-07 17:29:56.819074,2023-08-07 17:45:06.337598,15.616666666666667,6.0,9.0,9.0,9.0,,0,3.1666666666666665,30.0,2.3333333333333335,3.0,3.3333333333333335,2.888888888888889,4.5,1.6666666666666667,0.0,action,21
44,64d218ba19d4a1754ca58673,no_system,DATA_EXPIRED,Female,Bachelor-Abschluss,Crowdworking,2023-08-08 12:36:14.886654,2023-08-08 13:05:30.978521,31.05,10.0,6.0,6.0,6.0,"Ich halte die Frage, ob ich glaube, dass die KI ""mich mag"", für sehr merkwürdig. Studien wie Ihre stellen derartige Fragen immer wieder, und ich stoße mich regelmäßig daran. Jetzt und in absehbarer Zeit wird es einer KI nicht möglich sein, freundlich oder böse zu sein, mich zu mögen oder mich nicht leiden zu können. Die Fragen implizieren aber, das könne der Fall sein und tragen meiner Ansicht nach dazu bei, dieses Gefühl bei Probanden zu stärken.",0,2.0833333333333335,29.0,2.0,3.0,3.3333333333333335,2.7777777777777777,3.75,3.0,0.0,contemplation,42
45,64dca976d6e2bf89b74411eb,framework,43,Male,Abitur,Softwareentwickler,2023-08-16 12:49:18.668462,2023-08-16 13:06:28.138054,18.216666666666665,10.0,7.0,8.0,7.0,,0,1.5,25.0,3.3333333333333335,4.666666666666667,4.333333333333333,4.111111111111111,4.25,3.6666666666666665,-1.0,preparation,175
46,64dced60e619bca989925450,framework,45,Male,Master-Abschluss,Ingenieur im Automotive,2023-08-16 17:41:25.802929,2023-08-16 18:00:51.144263,20.066666666666666,8.0,5.0,5.0,5.0,,0,2.5833333333333335,29.0,2.6666666666666665,5.0,3.6666666666666665,3.7777777777777777,3.0,3.3333333333333335,0.0,contemplation,192
47,64d259a50c167d47d59ad005,no_system,25,Male,Abitur,Student,2023-08-08 17:06:56.764191,2023-08-08 17:30:07.136233,25.016666666666666,10.0,3.0,7.0,9.0,,0,3.4166666666666665,33.0,2.3333333333333335,4.333333333333333,3.6666666666666665,3.4444444444444446,4.0,3.0,2.0,preparation,75
48,64d23b9bdbe02e50104ff54f,framework,22,Male,abgeschlossene Berufsausbildung,Angestellt als Anlagenfahrer,2023-08-08 14:57:20.228282,2023-08-08 15:10:52.717979,14.083333333333334,7.0,8.0,5.0,6.0,,0,4.083333333333333,32.0,3.3333333333333335,4.666666666666667,4.666666666666667,4.222222222222222,4.75,4.333333333333333,1.0,contemplation,60
49,64d351ee509d565ec9ae9cd1,framework,52,Male,abgeschlossene Berufsausbildung,Sachbearbeiter,2023-08-09 10:45:07.777779,2023-08-09 11:10:09.901666,25.7,9.0,5.0,6.0,6.0,nein,0,2.6666666666666665,33.0,3.0,5.0,4.0,4.0,4.5,3.0,0.0,contemplation,94
50,64d34fa41b3e36b4713b9491,no_system,35,Male,Doktor-Grad,Angestellt,2023-08-09 10:35:10.023453,2023-08-09 10:52:22.284832,17.666666666666668,8.0,10.0,2.0,5.0,nein,0,2.4166666666666665,28.0,2.6666666666666665,5.0,4.0,3.888888888888889,3.5,1.3333333333333333,3.0,precontemplation,90
51,64d0fca1d25cc067efc53214,no_system,33,Male,Master-Abschluss,wissenschaftlicher Mitarbeiter,2023-08-07 16:17:18.787463,2023-08-07 16:35:52.929652,19.616666666666667,9.0,6.0,5.0,7.0,nein,0,3.25,35.0,4.0,4.0,4.0,4.0,4.75,3.6666666666666665,2.0,contemplation,11
52,64d10685dc0757ca9bfead40,framework,27,Female,Master-Abschluss,Angestellte (Wissenschaftliche Mitarbeiterin),2023-08-07 17:08:25.332237,2023-08-07 17:26:06.769612,20.233333333333334,8.0,8.0,6.0,8.0,,0,3.3333333333333335,45.0,2.3333333333333335,5.0,4.0,3.7777777777777777,4.5,3.3333333333333335,2.0,contemplation,19
53,64d39c431d37ceb831e1ea72,framework,23,Female,Bachelor-Abschluss,Student,2023-08-09 16:02:29.912251,2023-08-09 16:25:01.150996,23.6,8.0,8.0,6.0,8.0,,0,2.6666666666666665,32.0,1.6666666666666667,3.0,4.0,2.888888888888889,3.75,1.6666666666666667,2.0,contemplation,113
54,64d0f52585cb3bcd7d6c1fda,no_system,60,Female,Master-Abschluss,Redakteurin,2023-08-07 15:45:56.525419,2023-08-07 16:14:37.435068,30.3,9.0,5.0,7.0,8.0,,0,4.333333333333333,42.0,3.6666666666666665,5.0,5.0,4.555555555555555,5.0,5.0,1.0,preparation,3
55,64d0f7a9ad5d064dec6a21bc,no_system,40,Male,Bachelor-Abschluss,Softwareentwickler,2023-08-07 15:55:57.941567,2023-08-07 16:23:01.243549,28.033333333333335,8.0,1.0,0.0,3.0,,0,3.0833333333333335,33.0,3.3333333333333335,5.0,4.333333333333333,4.222222222222222,4.25,2.6666666666666665,3.0,precontemplation,8
56,64dcec5339385f03e5decbd8,no_system,23,Male,Abitur,Student,2023-08-16 17:33:59.388984,2023-08-16 17:47:30.056149,13.9,8.0,9.0,9.0,9.0,"Es ist nicht besonders hilfreich, da man selbst ja noch die ganze Arbeit bzw. Gestaltung der Pläne übernimmt und der Chatbot da nicht unterstützt",0,1.3333333333333333,27.0,1.3333333333333333,4.0,2.0,2.4444444444444446,3.5,2.0,0.0,action,191
57,64d5d8df29541d8f46e71941,framework,34,Male,Bachelor-Abschluss,Öffentlicher Dienst,2023-08-11 08:45:30.272668,2023-08-11 09:06:03.481426,21.35,9.0,7.0,8.0,8.0,Nein,0,1.0833333333333333,28.0,1.6666666666666667,4.666666666666667,2.3333333333333335,2.888888888888889,3.75,1.6666666666666667,0.0,preparation,144
58,64d3a9ae53871b8a89b02a72,no_system,29,Female,Master-Abschluss,wissenschaftl. MItarbeiter,2023-08-09 16:59:14.485024,2023-08-09 17:15:57.015259,17.066666666666666,10.0,6.0,6.0,0.0,,0,1.25,22.0,1.0,1.6666666666666667,2.0,1.5555555555555556,1.75,1.0,-6.0,contemplation,114
59,64d33dbe6f422d203f9acfde,framework,46,Male,abgeschlossene Berufsausbildung,IT,2023-08-09 09:19:06.03857,2023-08-09 09:35:40.981279,17.7,5.0,8.0,7.0,8.0,Nein,0,1.5833333333333333,36.0,3.0,4.666666666666667,3.3333333333333335,3.6666666666666665,4.0,1.6666666666666667,1.0,preparation,83
60,64dcbe573059a70a9ee178a5,framework,22,Female,Bachelor-Abschluss,Student,2023-08-16 14:18:21.12462,2023-08-16 14:39:03.35683,21.616666666666667,10.0,10.0,7.0,10.0,,0,4.25,43.0,4.0,5.0,5.0,4.666666666666667,5.0,3.6666666666666665,3.0,preparation,181
61,64d36441d2b0449574ac9ed9,framework,40,Male,Bachelor-Abschluss,Ingenieur im Bereich Elektrotechnik,2023-08-09 12:03:07.225742,2023-08-09 12:20:58.655612,18.5,6.0,6.0,5.0,6.0,,0,1.6666666666666667,24.0,2.6666666666666665,3.0,2.0,2.5555555555555554,2.25,1.0,1.0,contemplation,100
62,64d3468509eecf544c8584e8,framework,26,Female,Abitur,Student,2023-08-09 09:56:24.251787,2023-08-09 10:10:54.423572,14.95,9.0,8.0,6.0,8.0,Der Chatbot hat sehr lange gebraucht um zu antworten.,0,1.9166666666666667,28.0,1.6666666666666667,3.0,2.3333333333333335,2.3333333333333335,3.25,2.6666666666666665,2.0,contemplation,88
63,64dcdf81195e75dbe6baa84f,framework,24,Male,Abitur,Student,2023-08-16 16:45:28.466168,2023-08-16 17:05:45.401058,26.866666666666667,8.0,5.0,8.0,8.0,,0,2.3333333333333335,33.0,2.6666666666666665,4.666666666666667,3.3333333333333335,3.5555555555555554,3.5,2.3333333333333335,0.0,preparation,188
64,64d21a7c747a2537c8e97211,framework,23,Female,Abitur,Studentin mit Werkstudentenjob,2023-08-08 12:36:48.28026,2023-08-08 13:02:30.553611,26.2,8.0,4.0,0.0,1.0,nein,0,3.25,32.0,1.6666666666666667,3.6666666666666665,1.6666666666666667,2.3333333333333335,4.0,3.6666666666666665,1.0,precontemplation,43
65,64d21a7c747a2537c8e97211,framework,23,Female,Abitur,Studentin mit Werkstudentenjob,2023-08-08 12:36:48.28026,2023-08-08 13:02:30.553611,26.2,8.0,4.0,0.0,1.0,nein,0,3.25,32.0,1.6666666666666667,3.6666666666666665,1.6666666666666667,2.3333333333333335,4.0,3.6666666666666665,1.0,precontemplation,47
66,64d10f9fb073d0971f707990,framework,26,Female,Abitur,Studentin,2023-08-07 17:37:37.303184,2023-08-07 17:49:44.40762,12.666666666666666,5.0,8.0,9.0,8.0,,0,1.75,31.0,1.0,1.0,2.6666666666666665,1.5555555555555556,3.5,3.0,-1.0,action,26
67,64d1082acefb63ba7fbdc1f6,no_system,31,Female,Bachelor-Abschluss,Studentin,2023-08-07 17:06:16.531499,2023-08-07 17:21:52.821685,16.75,9.0,2.0,6.0,6.0,,0,2.3333333333333335,29.0,2.6666666666666665,5.0,3.3333333333333335,3.6666666666666665,4.0,4.0,0.0,contemplation,17
68,64d3456a7816c3ee675c2fb4,no_system,46,Female,Bachelor-Abschluss,Erziehungszeit,2023-08-09 09:51:41.539185,2023-08-09 10:08:50.740492,17.8,9.0,9.0,8.0,8.0,,0,3.75,41.0,4.666666666666667,5.0,5.0,4.888888888888889,5.0,5.0,0.0,preparation,87
69,64dccf52ecbd27288dd3ce09,no_system,32,Male,Master-Abschluss,enwickler,2023-08-16 16:01:56.284831,2023-08-16 16:18:40.318451,48.9,10.0,8.0,5.0,8.0,,0,2.5833333333333335,27.0,2.0,5.0,3.6666666666666665,3.5555555555555554,3.5,3.3333333333333335,3.0,contemplation,186
70,64d4a89db9ccc26c9a0bd240,framework,34,Male,Master-Abschluss,selbständig,2023-08-10 11:09:16.479355,2023-08-10 11:33:11.963249,26.716666666666665,9.0,9.0,10.0,10.0,,0,2.5833333333333335,40.0,2.3333333333333335,4.666666666666667,4.0,3.6666666666666665,4.0,3.0,0.0,maintenance,130
71,64dc97f0509832556ec5477c,no_system,28,Male,Abitur,Ergotherapeut,2023-08-14 16:19:42.48471,2023-08-16 11:48:22.540476,14.8,3.0,3.0,4.0,4.0,nein,0,2.8333333333333335,29.0,3.6666666666666665,5.0,3.3333333333333335,4.0,4.0,1.0,0.0,contemplation,164
72,64dc97f0509832556ec5477c,no_system,28,Male,Abitur,Ergotherapeut,2023-08-14 16:19:42.48471,2023-08-16 11:48:22.540476,14.8,3.0,3.0,4.0,4.0,nein,0,2.8333333333333335,29.0,3.6666666666666665,5.0,3.3333333333333335,4.0,4.0,1.0,0.0,contemplation,173
73,64da2e7a58e166cb776329ff,no_system,28,Male,Abitur,Ergotherapeut,2023-08-14 16:19:42.48471,2023-08-16 11:48:22.540476,55.43333333333333,3.0,3.0,4.0,4.0,nein,0,2.8333333333333335,29.0,3.6666666666666665,5.0,3.3333333333333335,4.0,4.0,1.0,0.0,contemplation,164
74,64da2e7a58e166cb776329ff,no_system,28,Male,Abitur,Ergotherapeut,2023-08-14 16:19:42.48471,2023-08-16 11:48:22.540476,55.43333333333333,3.0,3.0,4.0,4.0,nein,0,2.8333333333333335,29.0,3.6666666666666665,5.0,3.3333333333333335,4.0,4.0,1.0,0.0,contemplation,173
75,64dcc1d6ef8aa02ac3c54749,framework,27,Male,Bachelor-Abschluss,Student,2023-08-14 16:19:21.992909,2023-08-16 15:18:54.435796,46.416666666666664,8.0,8.0,6.0,6.0,,0,3.3333333333333335,33.0,2.3333333333333335,3.6666666666666665,3.6666666666666665,3.2222222222222223,3.25,3.6666666666666665,0.0,contemplation,165
76,64dcc1d6ef8aa02ac3c54749,framework,27,Male,Bachelor-Abschluss,Student,2023-08-14 16:19:21.992909,2023-08-16 15:18:54.435796,46.416666666666664,8.0,8.0,6.0,6.0,,0,3.3333333333333335,33.0,2.3333333333333335,3.6666666666666665,3.6666666666666665,3.2222222222222223,3.25,3.6666666666666665,0.0,contemplation,166
77,64dcc1d6ef8aa02ac3c54749,framework,27,Male,Bachelor-Abschluss,Student,2023-08-14 16:19:21.992909,2023-08-16 15:18:54.435796,46.416666666666664,8.0,8.0,6.0,6.0,,0,3.3333333333333335,33.0,2.3333333333333335,3.6666666666666665,3.6666666666666665,3.2222222222222223,3.25,3.6666666666666665,0.0,contemplation,184
78,64dcc1d6ef8aa02ac3c54749,framework,27,Male,Bachelor-Abschluss,Student,2023-08-14 16:19:21.992909,2023-08-16 15:18:54.435796,46.416666666666664,8.0,8.0,6.0,6.0,,0,3.3333333333333335,33.0,2.3333333333333335,3.6666666666666665,3.6666666666666665,3.2222222222222223,3.25,3.6666666666666665,0.0,contemplation,185
79,64d370ee306ba2f6883adcd5,framework,58,Male,Abitur,Produkt-Referent,2023-08-09 13:10:36.501579,2023-08-09 13:43:48.499282,47.36666666666667,5.0,6.0,2.0,7.0,Die Interaktion mit Micha ist etwas erklärungsbedürftig. Manchmal dachte ich er hätte sich aufgehängt.,0,2.8333333333333335,35.0,3.3333333333333335,2.3333333333333335,4.0,3.2222222222222223,4.5,3.6666666666666665,5.0,precontemplation,109
80,64d1fd08bc1a88665de33705,no_system,22,Female,abgeschlossene Berufsausbildung,Rechtsanwalts- und Notarfacha,2023-08-08 10:30:24.949434,2023-08-08 10:45:42.68999,15.733333333333333,5.0,6.0,7.0,6.0,,0,2.6666666666666665,31.0,3.0,3.6666666666666665,2.6666666666666665,3.111111111111111,3.25,3.6666666666666665,-1.0,preparation,32
81,64da156e13a3718a9f45dc6f,framework,29,Male,Bachelor-Abschluss,Student,2023-08-14 14:02:30.083979,2023-08-14 14:25:18.733462,24.05,10.0,9.0,9.0,9.0,nein,0,2.1666666666666665,27.0,4.0,3.6666666666666665,2.6666666666666665,3.4444444444444446,3.5,3.6666666666666665,0.0,action,156
82,64d25890cd9ad863e8c88b8c,framework,25,Female,Abitur,Teilzeit angestellt ,2023-08-08 17:01:16.103249,2023-08-08 17:19:20.114379,18.733333333333334,10.0,6.0,7.0,6.0,-,0,1.8333333333333333,32.0,3.6666666666666665,3.6666666666666665,3.3333333333333335,3.5555555555555554,3.0,3.0,-1.0,preparation,72
83,64d4cd0f8d46d35491391288,framework,45,Female,Master-Abschluss,Musikschulleiterin,2023-08-10 13:42:39.114226,2023-08-10 13:58:12.588834,16.116666666666667,9.0,8.0,8.0,8.0,nein,0,3.6666666666666665,36.0,2.0,5.0,5.0,4.0,4.75,3.6666666666666665,0.0,preparation,140
84,64d49c685ef0d9a1d237f087,no_system,31,Male,Bachelor-Abschluss,Maschinenbau Ingenieur,2023-08-10 10:15:49.907451,2023-08-10 10:35:19.356302,20.933333333333334,10.0,8.0,6.0,8.0,Die Antworten des Chatbots waren manchmal nicht vollständig,0,3.4166666666666665,40.0,3.3333333333333335,4.0,4.333333333333333,3.888888888888889,4.25,3.3333333333333335,2.0,contemplation,125
85,64da30589b33cae6cd2b2d08,no_system,32,Male,Bachelor-Abschluss,Ingenieur,2023-08-14 15:47:33.553281,2023-08-14 16:17:14.356097,30.216666666666665,5.0,5.0,9.0,6.0,,0,1.5,29.0,1.0,4.0,2.0,2.3333333333333335,3.5,1.0,-3.0,action,162
86,64d2599881b3e01bcd2d8973,framework,26,Female,Abitur,Student,2023-08-08 17:06:03.483753,2023-08-08 17:32:08.525068,27.183333333333334,9.0,7.0,8.0,8.0,"Die Benutzung war sehr angenehm und hat mir sogar Spaß gemacht. Ich könnte mir vorstellen, über andere Themen auch noch öfter mit MIcha zu reden.",0,2.6666666666666665,34.0,4.666666666666667,5.0,5.0,4.888888888888889,4.75,4.0,0.0,preparation,74
87,64d2391e98369b36e1619d69,no_system,22,Female,Abitur,Studieren,2023-08-08 14:47:20.518695,2023-08-08 15:02:52.86164,16.733333333333334,10.0,0.0,4.0,4.0,,0,1.4166666666666667,22.0,2.3333333333333335,3.3333333333333335,1.0,2.2222222222222223,3.25,1.0,0.0,contemplation,59
88,64d376d5b09c55de9df464e3,no_system,22,Female,mittlere Reife,Schüler,2023-08-09 13:22:54.40416,2023-08-09 13:53:17.280768,31.466666666666665,8.0,6.0,5.0,8.0,"Es ist gruselig, wie weit KI sich in so einer kurzen Zeit entwickelt hat.",0,3.0,36.0,3.6666666666666665,4.0,4.333333333333333,4.0,3.75,3.0,3.0,contemplation,110
89,64d107ebc5b615bf51ff3c31,framework,60,Female,abgeschlossene Berufsausbildung,Medizinische Fachangestellte,2023-08-07 17:05:14.610335,2023-08-07 17:43:23.046982,38.65,9.0,7.0,7.0,7.0,,1,1.25,28.0,2.3333333333333335,4.0,2.0,2.875,3.75,2.3333333333333335,0.0,preparation,18
90,64d107ebc5b615bf51ff3c31,framework,60,Female,abgeschlossene Berufsausbildung,Medizinische Fachangestellte,2023-08-07 17:05:14.610335,2023-08-07 17:43:23.046982,38.65,9.0,7.0,7.0,7.0,,1,1.25,28.0,2.3333333333333335,4.0,2.0,2.875,3.75,2.3333333333333335,0.0,preparation,20
91,64d4958bbd96e1d434650bf1,framework,23,Female,Bachelor-Abschluss,Student,2023-08-10 09:45:41.229202,2023-08-10 10:02:55.253582,17.633333333333333,10.0,8.0,8.0,6.0,,0,1.4166666666666667,26.0,1.3333333333333333,3.0,1.6666666666666667,2.0,2.5,2.3333333333333335,-2.0,preparation,121
92,64d2247398ecfe97b1a58686,no_system,46,Male,Abitur,Angestellter,2023-08-08 13:19:39.010387,2023-08-08 13:41:39.102508,22.933333333333334,10.0,9.0,8.0,9.0,,0,2.9166666666666665,37.0,3.0,4.0,4.0,3.6666666666666665,4.5,3.0,1.0,preparation,49
93,64dce1c9706710787c90966c,no_system,29,Male,Bachelor-Abschluss,Vollzeit Angestellt,2023-08-16 16:49:10.520646,2023-08-16 17:06:31.018629,17.983333333333334,8.0,6.0,5.0,6.0,,0,1.8333333333333333,31.0,1.0,3.3333333333333335,2.0,2.111111111111111,4.0,2.6666666666666665,1.0,contemplation,189
94,64d212ba7b32eefc10173fb3,no_system,23,Female,Abitur,Student,2023-08-08 12:03:15.076618,2023-08-08 12:23:55.788334,21.433333333333334,8.0,9.0,9.0,9.0,"Dass die Sätze am Ende immer wieder abgeschnitten waren hat sehr gestört, aber wurde elegant gelöst. ",0,3.8333333333333335,36.0,2.3333333333333335,3.0,4.333333333333333,3.2222222222222223,4.5,4.0,0.0,action,37
95,64d38a9f66c7d8a4400bdaef,framework,48,Female,Abitur,selbständig,2023-08-09 14:47:17.480651,2023-08-09 15:10:31.648316,24.283333333333335,7.0,8.0,9.0,8.0,,0,1.0833333333333333,23.0,1.6666666666666667,3.0,2.0,2.2222222222222223,2.25,1.6666666666666667,-1.0,action,111
96,64d358a6a7555969e7cf268c,framework,23,Female,Bachelor-Abschluss,Grafikdesigner,2023-08-09 11:13:47.174521,2023-08-09 11:34:46.635028,21.683333333333334,9.0,7.0,5.0,7.0,,0,2.3333333333333335,32.0,3.3333333333333335,3.6666666666666665,3.6666666666666665,3.5555555555555554,4.25,2.6666666666666665,2.0,contemplation,96
97,64d497570284e6d80aba83da,no_system,21,Female,Abitur,Mitarbeiterin im Verkauf,2023-08-10 09:53:20.906279,2023-08-10 10:13:52.90465,20.916666666666668,9.0,8.0,7.0,8.0,,0,2.5,36.0,3.0,4.333333333333333,4.0,3.7777777777777777,3.5,4.0,1.0,preparation,122
98,64d4b4edee5855fe8a680ae8,framework,21,Female,Abitur,Studentin / studierende Angestellte an der Universität,2023-08-10 12:00:31.522768,2023-08-10 12:23:33.122956,24.516666666666666,7.0,3.0,5.0,5.0,,0,1.1666666666666667,30.0,1.0,2.0,1.6666666666666667,1.5555555555555556,1.5,1.0,0.0,contemplation,132
99,64d0f45ff35be85c5e647ccc,framework,44,Male,Abitur,Assistenz ,2023-08-07 15:41:30.922782,2023-08-07 15:57:03.196897,16.666666666666668,-1.0,-1.0,8.0,8.0,,0,1.8333333333333333,32.0,2.3333333333333335,3.3333333333333335,3.3333333333333335,3.0,3.75,3.0,0.0,preparation,1
100,64d498f5e1827839c6b8ce42,framework,26,Female,Abitur,Studentin,2023-08-10 10:00:19.898699,2023-08-10 10:22:49.173147,22.933333333333334,8.0,5.0,6.0,7.0,,0,2.8333333333333335,32.0,2.3333333333333335,4.666666666666667,3.0,3.3333333333333335,4.75,3.0,1.0,contemplation,123
101,64d2132f3b3487c99e64e5db,framework,36,Male,Bachelor-Abschluss,Selbstständig ,2023-08-08 12:05:32.677339,2023-08-08 12:25:29.003163,20.966666666666665,9.0,7.0,7.0,6.0,,0,2.1666666666666665,27.0,2.6666666666666665,3.6666666666666665,3.3333333333333335,3.2222222222222223,3.0,2.6666666666666665,-1.0,preparation,39
102,64d4b6c50682f1b9b21641e8,no_system,32,Female,Bachelor-Abschluss,Sozialarbeiterin,2023-08-10 12:07:30.169142,2023-08-10 12:24:02.257382,17.183333333333334,5.0,5.0,9.0,9.0,,0,1.4166666666666667,29.0,2.6666666666666665,5.0,3.0,3.5555555555555554,4.75,2.6666666666666665,0.0,action,133
103,64d368c3cc29c07e921e1094,no_system,33,Female,Abitur,Student,2023-08-09 12:22:33.098215,2023-08-09 12:48:20.205156,26.5,10.0,10.0,8.0,9.0,,0,3.75,34.0,3.0,4.0,4.333333333333333,3.7777777777777777,4.5,3.6666666666666665,1.0,preparation,102
104,64d100f98eb922d0436b0476,no_system,26,Female,Bachelor-Abschluss,Studentin,2023-08-07 16:34:56.81196,2023-08-07 16:51:23.635691,16.866666666666667,10.0,7.0,6.0,9.0,,0,3.1666666666666665,36.0,2.6666666666666665,4.333333333333333,3.6666666666666665,3.5555555555555554,4.0,2.6666666666666665,3.0,contemplation,14
105,64d4ac360001de7ce52f2908,no_system,30,Female,Master-Abschluss,Selbstständig,2023-08-10 11:22:23.035017,2023-08-10 11:36:49.77348,14.883333333333333,9.0,5.0,4.0,5.0,,0,2.1666666666666665,37.0,3.0,4.0,3.3333333333333335,3.4444444444444446,3.5,2.3333333333333335,1.0,contemplation,131
106,64d33e3aca49739539a71e35,framework,50,Male,Master-Abschluss,"Angestellt, Vollzeit, Leiter Logistik",2023-08-09 09:22:41.299628,2023-08-09 09:42:25.888635,22.133333333333333,10.0,5.0,5.0,5.0,,0,1.1666666666666667,29.0,2.6666666666666665,2.3333333333333335,1.0,2.0,2.75,1.0,0.0,contemplation,84
107,64d21c0804b6766727171ce7,no_system,21,Female,Abitur,Studentin,2023-08-08 12:42:49.459575,2023-08-08 12:57:25.314288,15.183333333333334,9.0,9.0,8.0,8.0,,0,4.666666666666667,38.0,3.6666666666666665,5.0,5.0,4.555555555555555,5.0,4.666666666666667,0.0,preparation,44
108,64d5de75439d20628c86d335,framework,29,Male,Bachelor-Abschluss,Account Manager,2023-08-11 09:09:01.791013,2023-08-11 09:26:26.447991,17.85,9.0,10.0,8.0,9.0,,0,3.25,38.0,3.0,4.666666666666667,4.0,3.888888888888889,4.5,3.6666666666666665,1.0,preparation,147
109,64d258cb1388a3b8f86018fe,no_system,26,Female,Master-Abschluss,Angestellt,2023-08-08 17:02:40.776529,2023-08-08 17:16:57.061938,15.7,7.0,5.0,8.0,5.0,nein,0,2.5833333333333335,40.0,2.3333333333333335,5.0,4.0,3.7777777777777777,4.25,1.0,-3.0,preparation,73
110,64dcc0455913f0ebc12eb10e,framework,21,Male,Abitur,Studieren,2023-08-16 14:30:06.41655,2023-08-16 14:49:41.489373,20.616666666666667,9.0,9.0,8.0,9.0,,0,3.0833333333333335,35.0,4.333333333333333,4.333333333333333,3.3333333333333335,4.0,3.0,3.0,1.0,preparation,182
111,64d256ee3f36a0548683bf7e,no_system,33,Male,abgeschlossene Berufsausbildung,Industriemechaniker für Maschinen- und Anlagenbau,2023-08-08 16:55:58.517045,2023-08-08 17:10:33.34597,16.716666666666665,10.0,10.0,9.0,9.0,,0,3.9166666666666665,36.0,3.6666666666666665,4.666666666666667,4.333333333333333,4.222222222222222,4.5,3.3333333333333335,0.0,action,70
112,64d364804349541d59e0014f,framework,31,Male,Bachelor-Abschluss,Projektmanagement,2023-08-09 12:32:42.063595,2023-08-09 12:49:22.811933,39.05,9.0,9.0,7.0,9.0,,0,3.0,41.0,3.3333333333333335,5.0,4.0,4.111111111111111,4.5,4.0,2.0,preparation,105
113,64d494bc51350ad348650bff,no_system,50,Male,Abitur,Medienbranche,2023-08-10 09:42:37.229154,2023-08-10 10:00:34.523607,18.883333333333333,9.0,7.0,7.0,7.0,,0,1.8333333333333333,29.0,1.6666666666666667,2.0,2.0,1.8888888888888888,3.0,2.0,0.0,preparation,120
114,64d22cd07cd19bef063d46ee,no_system,30,Female,Abitur,Studentin,2023-08-08 13:54:20.548997,2023-08-08 14:10:42.291408,17.05,10.0,9.0,7.0,9.0,Sehr guter Bot! Bin begeistert ,0,3.0833333333333335,42.0,2.3333333333333335,5.0,4.0,3.7777777777777777,5.0,3.6666666666666665,2.0,preparation,55
115,64d230073535fbf4fa619d8e,framework,42,Female,Master-Abschluss,Linguist,2023-08-08 14:08:22.240796,2023-08-08 14:30:28.697214,22.6,9.0,9.0,0.0,8.0,,0,1.9166666666666667,35.0,3.0,5.0,4.333333333333333,4.111111111111111,4.5,4.0,8.0,precontemplation,56
116,64d36a7c316056e220d7b5ef,no_system,28,Female,Bachelor-Abschluss,Angestellte,2023-08-09 12:32:08.480372,2023-08-09 12:47:12.660459,16.533333333333335,7.0,10.0,4.0,10.0,,0,2.0833333333333335,31.0,2.6666666666666665,4.0,2.0,2.888888888888889,3.5,2.0,6.0,contemplation,103
117,64d1f6c67356bab250759725,no_system,23,Female,Abitur,Studenti,2023-08-08 10:07:39.229278,2023-08-08 10:27:51.692385,20.883333333333333,10.0,8.0,6.0,6.0,nein,0,3.5,35.0,3.3333333333333335,4.666666666666667,4.0,4.0,4.5,4.0,0.0,contemplation,29
118,64d1f6c67356bab250759725,no_system,23,Female,Abitur,Studenti,2023-08-08 10:07:39.229278,2023-08-08 10:27:51.692385,20.883333333333333,10.0,8.0,6.0,6.0,nein,0,3.5,35.0,3.3333333333333335,4.666666666666667,4.0,4.0,4.5,4.0,0.0,contemplation,30
119,64d213a431394162bccabc98,no_system,29,Female,Master-Abschluss,student,2023-08-08 12:07:45.634746,2023-08-08 12:58:28.228694,51.516666666666666,8.0,4.0,6.0,6.0,,0,2.4166666666666665,35.0,1.3333333333333333,1.6666666666666667,2.0,1.6666666666666667,4.0,3.6666666666666665,0.0,contemplation,45
120,64d21167286f5411fc64e5a9,framework,72,Male,mittlere Reife,Rentner,2023-08-08 11:57:22.882617,2023-08-08 12:13:15.102937,16.516666666666666,6.0,6.0,1.0,8.0,,0,1.6666666666666667,32.0,2.6666666666666665,3.6666666666666665,2.6666666666666665,3.0,3.75,3.0,7.0,precontemplation,36
121,64d49c33efdc55de1aebad7e,framework,36,Male,Master-Abschluss,Network Engineer,2023-08-10 10:15:45.733914,2023-08-10 10:59:56.628048,46.516666666666666,8.0,5.0,6.0,8.0,,0,4.0,35.0,3.3333333333333335,4.0,4.0,3.7777777777777777,3.5,3.3333333333333335,2.0,contemplation,126
122,64d10f7a98087a81ae7112e6,no_system,25,Male,abgeschlossene Berufsausbildung,Angestellter ,2023-08-07 17:37:54.152908,2023-08-07 17:59:54.105208,22.683333333333334,7.0,6.0,5.0,7.0,,0,3.1666666666666665,39.0,3.3333333333333335,4.333333333333333,4.0,3.888888888888889,4.25,3.3333333333333335,2.0,contemplation,27
123,64d34f5a81d268f4f756dbe6,framework,33,Male,Abitur,System engineer,2023-08-09 10:35:02.487236,2023-08-09 11:11:00.816713,37.7,7.0,6.0,6.0,7.0,keine,0,1.5833333333333333,29.0,2.0,2.6666666666666665,3.3333333333333335,2.6666666666666665,2.75,2.0,1.0,contemplation,91
124,64d23be3d1a600041a3d46ae,no_system,23,Male,Abitur,Dualer Student,2023-08-08 14:58:47.463741,2023-08-08 15:44:35.431799,46.65,3.0,2.0,5.0,5.0,,0,1.5833333333333333,28.0,3.0,5.0,3.6666666666666665,3.888888888888889,4.5,3.0,0.0,contemplation,61
125,64d202f7b79c610681113153,framework,24,Female,Bachelor-Abschluss,Studentin,2023-08-08 10:57:48.449748,2023-08-08 11:19:27.21946,22.75,10.0,10.0,10.0,9.0,,0,2.0,34.0,2.0,2.3333333333333335,2.3333333333333335,2.2222222222222223,3.5,4.0,-1.0,maintenance,33
126,64d202f7b79c610681113153,framework,24,Female,Bachelor-Abschluss,Studentin,2023-08-08 10:57:48.449748,2023-08-08 11:19:27.21946,22.75,10.0,10.0,10.0,9.0,,0,2.0,34.0,2.0,2.3333333333333335,2.3333333333333335,2.2222222222222223,3.5,4.0,-1.0,maintenance,34
127,64d5dd779bec7ce53e607cf8,no_system,24,Female,Abitur,Studentin,2023-08-11 09:04:59.46928,2023-08-11 09:19:53.611728,15.6,10.0,9.0,7.0,9.0,,0,3.0,31.0,2.6666666666666665,3.6666666666666665,4.0,3.4444444444444446,3.25,2.6666666666666665,2.0,preparation,146
128,64d48ce79ecbb8009fb2afa9,framework,39,Female,Doktor-Grad,Angestellte,2023-08-10 09:08:53.140299,2023-08-10 09:26:52.867012,18.533333333333335,9.0,7.0,7.0,8.0,"ich fand den Chatbot sehr weitschweifig und sehr unpräzise. Und nicht hilfreich,  konkret an meinem Problem zu arbeiten.",0,2.4166666666666665,28.0,1.0,2.0,1.6666666666666667,1.5555555555555556,2.5,2.3333333333333335,1.0,preparation,115
129,64d4bfd5ee3e404276cdf742,framework,32,Male,Master-Abschluss,Informatiker,2023-08-10 12:46:41.4677,2023-08-10 13:02:49.991378,17.266666666666666,3.0,1.0,10.0,10.0,,0,1.4166666666666667,25.0,1.6666666666666667,1.0,2.0,1.5555555555555556,1.5,2.3333333333333335,0.0,maintenance,135
130,64d23de393ca4a6b6ced16cb,framework,29,Female,Master-Abschluss,angestellt,2023-08-08 15:07:18.933147,2023-08-08 15:20:14.516434,13.416666666666666,,,,,"Die Sprossen haben nicht funktioniert, dort stand, dass ein Wert zwischen 0 und 1 angegeben werden muss. Anders konnte man nicht ""weiter"" klicken",0,1.25,24.0,2.0,5.0,1.6666666666666667,2.888888888888889,2.5,1.0,,,64
131,64d39742e711e2d2bead950f,no_system,25,Female,Bachelor-Abschluss,Studentin,2023-08-09 15:41:27.175275,2023-08-09 16:03:29.766538,23.25,10.0,9.0,7.0,9.0,,0,4.0,33.0,2.6666666666666665,2.0,5.0,3.2222222222222223,4.25,4.0,2.0,preparation,112
132,64d34e56191aaf7a023b9484,no_system,33,Male,Master-Abschluss,Ingenieur,2023-08-09 10:29:40.92084,2023-08-09 10:44:28.824743,15.333333333333334,5.0,4.0,5.0,6.0,,0,2.5833333333333335,34.0,2.0,5.0,2.6666666666666665,3.2222222222222223,4.5,3.0,1.0,contemplation,89
133,64d216afea5c6ccfb443f941,framework,33,Female,Master-Abschluss,Consultant,2023-08-08 12:20:13.084857,2023-08-08 12:36:38.443608,17.216666666666665,10.0,9.0,8.0,9.0,,0,1.6666666666666667,24.0,2.3333333333333335,3.6666666666666665,2.0,2.6666666666666665,2.75,3.0,1.0,preparation,41
134,64d250bc2e1b20f7b6525b99,no_system,28,Female,Abitur,Student,2023-08-08 16:27:41.415623,2023-08-08 16:52:36.899311,25.5,9.0,5.0,5.0,8.0,,0,2.5833333333333335,36.0,3.0,3.6666666666666665,3.6666666666666665,3.4444444444444446,3.5,2.6666666666666665,3.0,contemplation,65
135,64dcac184d04be20b78bcdef,no_system,27,Female,Master-Abschluss,Wissenschaftliche Mitarbeiterin ,2023-08-16 13:00:40.18148,2023-08-16 13:26:08.242725,26.683333333333334,1.0,1.0,10.0,7.0,"Eine Frage von Micha war nicht vollständig, sie brach mitten im Satz ab. ",0,3.75,45.0,3.0,5.0,4.666666666666667,4.222222222222222,4.75,4.333333333333333,-3.0,maintenance,176
136,64dc94dddfd5edb7577225ac,framework,31,Female,Bachelor-Abschluss,Studieren,2023-08-16 11:21:22.597291,2023-08-16 11:46:11.00935,25.85,10.0,7.0,8.0,9.0,,0,1.1666666666666667,25.0,1.6666666666666667,2.3333333333333335,2.0,2.0,1.0,1.0,1.0,preparation,171
137,64d4c3a249ce119da54eae55,framework,40,Male,Bachelor-Abschluss,SEO admin,2023-08-10 13:03:25.146358,2023-08-10 13:20:11.483858,18.25,5.0,5.0,4.0,5.0,"Es waren immer ab und zu ""error"" Meldungen während des Chats. Ich denke, dass der Bot nicht so richtig agieren konnte oder ich war ""der Fehler"". Sollte etwas sein, bitte ich Sie mich zu kontaktieren, damit ich es ""return"" kann ",0,1.5833333333333333,30.0,1.0,1.3333333333333333,1.0,1.1111111111111112,3.25,2.3333333333333335,1.0,contemplation,138
138,64d364516d5faf68cfca883e,no_system,23,Male,Bachelor-Abschluss,Student,2023-08-09 12:03:20.677932,2023-08-09 12:22:59.946785,20.183333333333334,9.0,8.0,7.0,7.0,-,0,2.5833333333333335,36.0,3.0,4.333333333333333,3.6666666666666665,3.6666666666666665,4.0,3.6666666666666665,0.0,preparation,99
139,64d0f64da0e90161ca22b4c4,framework,35,Male,Abitur,Feinwerkmechaniker,2023-08-07 15:49:38.638481,2023-08-07 16:02:36.305122,13.516666666666667,7.0,5.0,3.0,5.0,,0,1.75,31.0,2.3333333333333335,5.0,4.0,3.7777777777777777,3.75,1.0,2.0,precontemplation,4
140,64d2314fc39c1fe585176c4f,no_system,51,Female,Bachelor-Abschluss,selbstständig,2023-08-08 14:13:53.055502,2023-08-08 14:44:29.61036,31.583333333333332,10.0,9.0,10.0,10.0,,0,1.0,32.0,2.3333333333333335,2.3333333333333335,3.0,2.5555555555555554,3.0,1.6666666666666667,0.0,maintenance,57
141,64d3400f37946ee1877fb0e9,no_system,24,Female,Bachelor-Abschluss,Congress Manager ,2023-08-09 09:28:47.407532,2023-08-09 09:41:29.972139,13.233333333333333,8.0,8.0,5.0,9.0,,0,2.8333333333333335,28.0,2.3333333333333335,2.3333333333333335,2.0,2.2222222222222223,2.75,3.0,4.0,contemplation,85
142,64d1f78ea2549cdd3fc11c1a,framework,29,Male,mittlere Reife,Arbeits,2023-08-08 10:10:01.756407,2023-08-08 10:35:49.517026,26.833333333333332,10.0,4.0,8.0,9.0,,0,2.25,33.0,3.0,4.666666666666667,4.333333333333333,4.0,3.75,3.0,1.0,preparation,31
143,64d5e05935d603be80305010,no_system,39,Male,Doktor-Grad,Professor,2023-08-11 09:17:26.704037,2023-08-11 09:32:24.466493,15.633333333333333,9.0,9.0,7.0,9.0,,1,2.5833333333333335,33.0,2.3333333333333335,4.333333333333333,3.3333333333333335,3.3333333333333335,4.0,2.6666666666666665,2.0,preparation,149
144,64d25670062bd3d29011bceb,no_system,36,Male,mittlere Reife,Software-Entwickler (Programmierer),2023-08-08 16:53:48.357018,2023-08-08 17:22:17.443433,29.3,10.0,10.0,10.0,10.0,Die Studie hat Spaß gemacht... :),0,2.8333333333333335,31.0,3.6666666666666665,4.333333333333333,3.3333333333333335,3.7777777777777777,3.5,2.6666666666666665,0.0,maintenance,71
145,64d35f3287ed76fd270acb3c,no_system,24,Female,Bachelor-Abschluss,Studentin,2023-08-09 11:41:34.336937,2023-08-09 11:57:03.063572,16.033333333333335,10.0,9.0,9.0,9.0,,0,2.5,32.0,1.6666666666666667,3.3333333333333335,3.3333333333333335,2.7777777777777777,4.25,4.0,0.0,action,98
146,64d5dc62c3c85d2ec14ef338,framework,34,Male,Abitur,Altenpfleger,2023-08-11 09:40:58.574896,2023-08-11 09:55:46.111879,52.13333333333333,6.0,10.0,1.0,10.0,,0,3.4166666666666665,40.0,4.666666666666667,4.666666666666667,4.333333333333333,4.555555555555555,5.0,4.666666666666667,9.0,precontemplation,153
147,64d2132c25eedaabcf34bfea,no_system,34,Male,Abitur,Student,2023-08-08 12:05:29.85111,2023-08-08 12:25:13.241421,20.683333333333334,4.0,5.0,5.0,5.0,Die Chatausgabe war sehr ruckelhaft,0,1.1666666666666667,24.0,2.0,3.6666666666666665,2.6666666666666665,2.7777777777777777,2.5,1.0,0.0,contemplation,40
148,64d49ca47a88a19766408e14,framework,26,Male,abgeschlossene Berufsausbildung,arbeitssuchend,2023-08-10 10:23:53.325752,2023-08-10 10:44:50.636646,29.15,6.0,7.0,1.0,7.0,,0,3.1666666666666665,43.0,4.0,5.0,4.333333333333333,4.444444444444445,5.0,4.333333333333333,6.0,precontemplation,127
149,64d5db620ad9270d9557592c,framework,32,Male,Master-Abschluss,Projekt Manager (vollzeit),2023-08-11 08:56:09.492224,2023-08-11 09:15:35.893262,19.8,7.0,5.0,8.0,4.0,Nein.,0,2.5,36.0,3.3333333333333335,3.0,4.333333333333333,3.5555555555555554,3.5,3.0,-4.0,preparation,145
150,64da1e3a65f69daf234e62f5,no_system,29,Male,Master-Abschluss,Business Analyst,2023-08-14 14:31:22.179037,2023-08-14 14:51:55.017536,21.9,10.0,7.0,1.0,6.0,,0,3.5,40.0,2.6666666666666665,3.3333333333333335,3.6666666666666665,3.2222222222222223,4.5,4.333333333333333,5.0,precontemplation,157
151,64da1e3a65f69daf234e62f5,no_system,29,Male,Master-Abschluss,Business Analyst,2023-08-14 14:31:22.179037,2023-08-14 14:51:55.017536,21.9,10.0,7.0,1.0,6.0,,0,3.5,40.0,2.6666666666666665,3.3333333333333335,3.6666666666666665,3.2222222222222223,4.5,4.333333333333333,5.0,precontemplation,187
152,64d23c86c737aaf9c1601952,no_system,33,Female,abgeschlossene Berufsausbildung,angestellt,2023-08-08 15:01:21.699255,2023-08-08 15:25:05.446841,24.183333333333334,7.0,7.0,7.0,7.0,,0,1.5,23.0,2.0,1.3333333333333333,1.3333333333333333,1.5555555555555556,1.25,1.3333333333333333,0.0,preparation,63
153,64d22263f27eb3d7005fe341,framework,41,Male,Bachelor-Abschluss,Teamleiter,2023-08-08 13:14:13.544673,2023-08-08 13:59:39.706849,46.2,10.0,8.0,7.0,7.0,Nein.,0,3.75,36.0,3.3333333333333335,4.333333333333333,3.6666666666666665,3.7777777777777777,5.0,4.0,0.0,preparation,48
154,64d22263f27eb3d7005fe341,framework,41,Male,Bachelor-Abschluss,Teamleiter,2023-08-08 13:14:13.544673,2023-08-08 13:59:39.706849,46.2,10.0,8.0,7.0,7.0,Nein.,0,3.75,36.0,3.3333333333333335,4.333333333333333,3.6666666666666665,3.7777777777777777,5.0,4.0,0.0,preparation,54
155,64d0fccf4df445abde45b557,no_system,24,Male,Master-Abschluss,Arbeit als Ingenieur,2023-08-07 16:21:20.105822,2023-08-07 16:39:43.546409,19.083333333333332,8.0,-1.0,7.0,-1.0,nein,0,4.083333333333333,36.0,3.6666666666666665,4.0,4.0,3.888888888888889,4.25,3.3333333333333335,-8.0,preparation,12
156,64dc95fd670a932859a08d7a,no_system,25,Female,Bachelor-Abschluss,Student,2023-08-16 11:28:07.846739,2023-08-16 11:47:32.482439,19.85,5.0,8.0,8.0,7.0,Das nicht-Beenden von Sätzen nervt sehr und der Bot fühlt sich sehr ziellos an für mich,0,2.9166666666666665,26.0,1.0,2.0,3.0,2.0,3.5,2.6666666666666665,-1.0,preparation,172
157,64d0f6e1fe838539a722b4a7,framework,44,Female,Abitur,Erwerbsunfähig zu Hause ,2023-08-07 15:55:27.037225,2023-08-07 16:15:10.364741,21.516666666666666,10.0,7.0,7.0,8.0,Der Aufmerksamkeitscheck war eine Herausforderung für meine Links-rechts-Schwäche,0,1.8333333333333333,36.0,2.6666666666666665,4.0,4.0,3.5555555555555554,4.25,3.3333333333333335,1.0,preparation,6
158,64dc8c44c4bc6cf69ee2ecde,no_system,32,Male,Bachelor-Abschluss,Angestellter,2023-08-16 10:44:42.314731,2023-08-16 11:02:49.609663,19.066666666666666,8.0,4.0,6.0,5.0,,0,2.5,35.0,1.6666666666666667,4.0,2.3333333333333335,2.6666666666666665,3.5,3.3333333333333335,-1.0,contemplation,170
159,64d22676c6296addde698ca4,no_system,25,Male,mittlere Reife,Ausbildung,2023-08-08 13:27:01.188581,2023-08-08 13:48:17.507987,21.616666666666667,0.0,1.0,3.0,1.0,"Manchmal wurde meine Antwort nicht genommen und ich musste sie nochmal schreiben, war nervig",1,2.8333333333333335,35.0,4.0,2.0,3.0,3.0,3.5,4.0,-2.0,precontemplation,52
160,64d5e03fbd6b4bdfdaed8c2c,framework,34,Male,Bachelor-Abschluss,Angestellter im öffentlichen Dienst,2023-08-11 09:16:37.374934,2023-08-11 09:40:08.67066,23.95,8.0,8.0,7.0,8.0,,0,3.0833333333333335,38.0,3.0,4.666666666666667,4.333333333333333,4.0,3.75,4.0,1.0,preparation,151
161,64d10eab84fa05faa6ffe7f9,no_system,34,Female,Bachelor-Abschluss,Angestellte,2023-08-07 17:33:33.970798,2023-08-07 17:49:55.373439,16.783333333333335,9.0,9.0,7.0,10.0,,0,3.6666666666666665,39.0,3.3333333333333335,4.666666666666667,4.0,4.0,4.25,2.0,3.0,preparation,25
162,64d493fb6d04d639c301d57a,no_system,26,Male,abgeschlossene Berufsausbildung,Arbeitssuchend,2023-08-10 09:38:55.253928,2023-08-10 09:58:42.573063,20.15,9.0,9.0,9.0,10.0,,0,2.9166666666666665,33.0,4.0,4.666666666666667,4.333333333333333,4.333333333333333,3.5,4.333333333333333,1.0,action,118
163,64d10e5b29e8d384043aafa3,framework,38,Male,Doktor-Grad,Unterrichten,2023-08-07 17:33:07.838013,2023-08-07 17:47:06.510839,15.033333333333333,9.0,6.0,4.0,6.0,,0,3.1666666666666665,34.0,2.6666666666666665,4.333333333333333,4.0,3.6666666666666665,4.0,3.3333333333333335,2.0,contemplation,23
164,64d2251c8cb5291d038b1be5,no_system,30,Male,Abitur,Student,2023-08-08 13:23:38.841362,2023-08-08 13:40:32.597977,19.483333333333334,9.0,8.0,8.0,8.0,,0,1.3333333333333333,30.0,2.3333333333333335,3.6666666666666665,1.0,2.3333333333333335,3.25,2.3333333333333335,0.0,preparation,51
165,64d1f313314e3ceb534d00ac,framework,30,Male,Master-Abschluss,I,2023-08-08 09:48:11.038767,2023-08-08 10:06:07.583035,18.766666666666666,7.0,6.0,8.0,8.0,,0,2.6666666666666665,34.0,2.0,4.0,3.6666666666666665,3.2222222222222223,4.0,3.0,0.0,preparation,28
166,64d0fccdcf516cbd79a20152,framework,31,Male,Bachelor-Abschluss,Vertriebsmitarbeiter (nebenbei Student),2023-08-07 16:17:19.97459,2023-08-07 16:35:55.555365,19.016666666666666,6.0,2.0,7.0,8.0,,0,2.75,35.0,3.3333333333333335,4.0,2.3333333333333335,3.2222222222222223,4.75,3.6666666666666665,1.0,preparation,10
167,64d34febb3724aea6656dbd2,framework,25,Female,Master-Abschluss,Doktorandin und Wissenschaftliche Hilfskraft,2023-08-09 10:38:37.689013,2023-08-09 10:59:16.28256,23.383333333333333,10.0,9.0,9.0,9.0,Der Chatbot war m.E.n. völlig unbrauchbar.,0,1.0,23.0,1.0,2.3333333333333335,1.0,1.4444444444444444,2.25,1.0,0.0,action,92
168,64d4a3c84cf7b4062ebc0da6,no_system,35,Male,Master-Abschluss,Bauingenieur,2023-08-10 10:46:24.507296,2023-08-10 10:58:59.521077,13.016666666666667,6.0,6.0,5.0,6.0,,0,2.75,31.0,1.6666666666666667,4.333333333333333,3.3333333333333335,3.111111111111111,3.75,1.0,1.0,contemplation,129
169,64d5dfeac05b75738205ee40,no_system,53,Male,Master-Abschluss,Software-Architektur,2023-08-11 09:15:17.892123,2023-08-11 10:05:13.889424,50.666666666666664,10.0,4.0,5.0,5.0,,0,1.8333333333333333,32.0,2.6666666666666665,3.6666666666666665,2.3333333333333335,2.888888888888889,3.5,4.0,0.0,contemplation,148
170,64dceae7fdc9dbdef11a4278,framework,26,Male,abgeschlossene Berufsausbildung,Leiter Software,2023-08-16 17:27:57.873025,2023-08-16 17:39:02.457453,11.416666666666666,9.0,9.0,9.0,9.0,,0,1.25,24.0,2.3333333333333335,2.3333333333333335,1.0,1.8888888888888888,3.5,2.0,0.0,action,190
171,64d256d77fdd492218574adb,framework,24,Male,Bachelor-Abschluss,Beamter,2023-08-08 16:53:50.856273,2023-08-08 17:11:06.799882,18.066666666666666,9.0,5.0,8.0,8.0,,0,2.0833333333333335,32.0,1.6666666666666667,2.3333333333333335,2.0,2.0,2.25,2.3333333333333335,0.0,preparation,69
172,64d3646ae012bc71afae9ca6,framework,24,Male,Bachelor-Abschluss,Vertriebsingenieur,2023-08-09 12:11:21.36351,2023-08-09 12:28:33.625937,24.666666666666668,7.0,7.0,7.0,7.0,,0,2.0,31.0,2.3333333333333335,4.0,4.0,3.4444444444444446,4.5,4.0,0.0,preparation,101
173,64d351c15af6415c0602a88c,no_system,30,Male,Bachelor-Abschluss,Supply Chain Management,2023-08-09 10:47:58.4577,2023-08-09 11:11:19.951355,27.6,7.0,7.0,5.0,6.0,Es war wirklich sehr interessant,0,3.25,42.0,2.6666666666666665,5.0,4.333333333333333,4.0,4.75,3.0,1.0,contemplation,95
174,64d4d1fa262645c19754ed27,no_system,21,Female,Abitur,Student,2023-08-10 14:04:26.085861,2023-08-10 14:18:51.144507,15.616666666666667,7.0,7.0,6.0,7.0,,0,3.3333333333333335,35.0,3.0,4.0,3.6666666666666665,3.5555555555555554,4.0,4.0,1.0,contemplation,141
175,64da2de18f089e007ce53829,no_system,19,Female,mittlere Reife,Arbeitsunfähig,2023-08-14 15:37:14.332403,2023-08-14 16:09:01.198191,32.5,10.0,5.0,6.0,5.0,Ich wünsche euch noch einen schönen Tag!,0,3.5,40.0,1.6666666666666667,5.0,4.333333333333333,3.6666666666666665,5.0,4.666666666666667,-1.0,contemplation,160
176,64da2de18f089e007ce53829,no_system,19,Female,mittlere Reife,Arbeitsunfähig,2023-08-14 15:37:14.332403,2023-08-14 16:09:01.198191,32.5,10.0,5.0,6.0,5.0,Ich wünsche euch noch einen schönen Tag!,0,3.5,40.0,1.6666666666666667,5.0,4.333333333333333,3.6666666666666665,5.0,4.666666666666667,-1.0,contemplation,163
177,64d4bfc734fdfd660aa1d5da,no_system,23,Male,Abitur,Student,2023-08-10 12:47:09.320405,2023-08-10 13:05:20.021144,18.85,10.0,7.0,6.0,7.0,,0,3.0833333333333335,37.0,3.3333333333333335,4.666666666666667,4.666666666666667,4.222222222222222,4.5,4.666666666666667,1.0,contemplation,137
178,64d225650565d69d2a3b547d,framework,22,Male,Abitur,Student,2023-08-08 13:23:23.529339,2023-08-08 13:43:31.954597,21.0,9.0,8.0,6.0,9.0,"Ich habe aus Versehen eine Antwort als gut/passend markiert. Das war die Antwort auf meinen Satz ""Ich weiß es nicht"". Da hat der Chatbot einfach alles was wir vorhin geschrieben haben zusammengefasst, anstatt mir zu helfen, weiter Lösungsansätze zu finden.",0,2.5,39.0,2.3333333333333335,5.0,3.3333333333333335,3.5555555555555554,4.5,1.0,3.0,contemplation,50
179,64dc7992fd5c8149d3b5d4f2,no_system,25,Male,Abitur,Soical MEdia Manager,2023-08-16 09:25:42.165228,2023-08-16 09:41:10.5723,17.216666666666665,2.0,6.0,1.0,2.0,,0,2.75,36.0,2.6666666666666665,4.333333333333333,3.3333333333333335,3.4444444444444446,4.5,2.6666666666666665,1.0,precontemplation,168
